{"acc":{"0.0005":[0.1982360097,0.2,0.2,0.2,0.2,0.2,0.2,0.2,0.2,0.2],"0.0002":[0.3574209246,0.3996958637,0.4081508516,0.4136253041,0.4167883212,0.4176399027,0.4201946472,0.4185523114,0.4222019465,0.4224452555],"0.0001":[0.7177007299,0.8232360097,0.8432481752,0.8518248175,0.8580900243,0.8632603406,0.8679440389,0.8712287105,0.8758515815,0.8753041363],"0.00005":[0.7386253041,0.8170316302,0.8333941606,0.8403284672,0.8437956204,0.8547445255,0.8567518248,0.8615571776,0.8628345499,0.8654501217],"0.00002":[0.6262773723,0.7174574209,0.7376520681,0.75243309,0.7568126521,0.7595498783,0.7694038929,0.7740875912,0.7795012165,0.7801094891]},"loss":{"0.0005":[12.9106255119,12.8944763184,12.8944763184,12.8944763184,12.8944763184,12.8944763184,12.8944763184,12.8944763184,12.8944763184,12.8944763184],"0.0002":[8.8674664745,8.7674547016,8.7472444868,8.7352861172,8.7242739321,8.7248887356,8.7189064246,8.7217014564,8.715666648,8.7125918785],"0.0001":[0.8200187863,0.4607196542,0.4133041332,0.3906982699,0.3768423365,0.3619190308,0.348755189,0.3399332365,0.3327096704,0.32636109],"0.00005":[0.788384018,0.4969996455,0.4437613487,0.428597854,0.4113137537,0.396384575,0.3873549304,0.3726102385,0.3680508856,0.3659822552],"0.00002":[1.4502199796,0.877975502,0.7979673942,0.7397780666,0.712753116,0.7096155072,0.6781260265,0.6628787918,0.6396006369,0.6347926416]},"val_acc":{"0.0005":[0.2,0.2,0.2,0.2000000001,0.2,0.2,0.2000000001,0.2,0.2,0.2],"0.0002":[0.4025396826,0.4076190477,0.4152380953,0.4101587302,0.4165079366,0.4165079365,0.4190476191,0.4152380953,0.420952381,0.4171428572],"0.0001":[0.8234920636,0.848888889,0.860952381,0.8634920635,0.8736507937,0.8761904763,0.8730158731,0.8768253969,0.8800000001,0.8812698413],"0.00005":[0.8203174604,0.8425396826,0.8546031746,0.8615873017,0.8634920636,0.8673015873,0.8685714286,0.8730158731,0.8730158731,0.8755555556],"0.00002":[0.7333333334,0.7625396827,0.7790476191,0.78984127,0.7936507938,0.8006349207,0.8057142858,0.8095238096,0.8120634922,0.8146031746]},"val_loss":{"0.0005":[12.8944763159,12.8944763159,12.8944763196,12.8944763175,12.8944763165,12.8944763159,12.8944763165,12.894476319,12.8944763196,12.8944763159],"0.0002":[8.7626356993,8.7547937503,8.7384179431,8.7578764656,8.7367373672,8.7373665832,8.7300713107,8.7324342777,8.7194986937,8.7291214022],"0.0001":[0.4585004029,0.427637073,0.3960604217,0.3874878869,0.3606722664,0.3518280039,0.3468201785,0.3361028253,0.3373878241,0.3319841383],"0.00005":[0.482383347,0.4298302217,0.3985063272,0.3781047977,0.365898898,0.3524061995,0.3480379504,0.3367675156,0.3294864802,0.3247389202],"0.00002":[0.8880693469,0.7812986751,0.7306116826,0.6961776371,0.6717191491,0.6529492394,0.6384062665,0.626443099,0.6165640502,0.6078113119]}}