{"acc":{"imagenet_baseline":[0.82986618,0.9505474453,0.9640510949,0.9705596107,0.9740875912,0.9760948905,0.9776155718,0.9784671533,0.9791970803,0.97986618],"imagenet_trainable":[0.7510340633,0.8790145985,0.9040145985,0.9200729927,0.928649635,0.9378345499,0.9445255474,0.9481751825,0.952189781,0.9554136253],"new_weights":[0.5287104623,0.6597323601,0.6927615572,0.7075425791,0.7167274939,0.7243917275,0.7316301703,0.7373479319,0.7393552311,0.7422141119],"imagenet_trainable_augment":[0.6946472019,0.8055961071,0.8316301703,0.8448296837,0.847323601,0.8545620438,0.8604622871,0.8624695864,0.8667883212,0.8657542579]},"loss":{"imagenet_baseline":[1.4310279081,0.5176706058,0.4185750232,0.3762738557,0.3545968097,0.3411553407,0.3327855207,0.3269810101,0.3231097244,0.3202195076],"imagenet_trainable":[0.6794619238,0.3220151993,0.2581841594,0.2235190809,0.200270191,0.1821790063,0.1681772015,0.1569635398,0.1473779203,0.1389817751],"new_weights":[1.1486697708,0.8822334199,0.8147801341,0.7766635367,0.7501378718,0.7314112091,0.7158330294,0.7041821493,0.6939239829,0.6857001416],"imagenet_trainable_augment":[0.8194731658,0.4958813908,0.4368943718,0.4038796994,0.3937316487,0.3807771997,0.3679031354,0.3672433831,0.3490743134,0.3468238788]},"val_acc":{"imagenet_baseline":[0.8634920635,0.8653968255,0.8666666667,0.8660317461,0.8647619049,0.8660317461,0.866031746,0.8666666667,0.8666666667,0.8673015873],"imagenet_trainable":[0.8260317461,0.8546031747,0.8641269842,0.8641269842,0.8698412699,0.8704761906,0.8761904763,0.8742857144,0.874920635,0.8768253969],"new_weights":[0.6292063492,0.6609523811,0.6755555557,0.6933333334,0.7009523811,0.702857143,0.7066666668,0.7047619049,0.7085714287,0.7161904764],"imagenet_trainable_augment":[0.8082539684,0.8368253969,0.8495238095,0.8507936509,0.8660317461,0.8641269843,0.867936508,0.867936508,0.874920635,0.8711111113]},"val_loss":{"imagenet_baseline":[1.0440037656,1.0129121418,1.0044512425,0.9982239907,0.9934589549,0.9915718441,0.9903024362,0.9880479888,0.9871341477,0.9840667303],"imagenet_trainable":[0.4519567405,0.3930387299,0.3718899578,0.361240083,0.3544883661,0.348686854,0.3414920128,0.3418855384,0.337532471,0.3344297664],"new_weights":[0.9650361723,0.9011662541,0.8563884278,0.8287888542,0.8190895119,0.8002408376,0.7936775861,0.7842748106,0.7763572063,0.7705134738],"imagenet_trainable_augment":[0.4924481259,0.4263958745,0.3924709763,0.3758163087,0.3502674615,0.3500221639,0.3342122204,0.3370283951,0.3310120307,0.3317933422]}}