{"acc":{"0.0":[0.8862222222,0.9278888889,0.9393333333,0.9470555556,0.9520555556,0.955,0.9582777778,0.961,0.9623888889,0.9643888889],"0.1":[0.764,0.7846111111,0.7878888889,0.7931666667,0.7956666667,0.7975,0.7993333333,0.8011666667,0.8009444444,0.8029444444],"0.2":[0.7636111111,0.7795555556,0.7855,0.7895555556,0.7922222222,0.7948888889,0.7947222222,0.7987777778,0.7982222222,0.7986666667],"0.3":[0.8633333333,0.9061111111,0.9165555556,0.9258888889,0.9288888889,0.9318333333,0.9375,0.9375555556,0.9392777778,0.9435],"0.4":[0.8579444444,0.8908888889,0.9002777778,0.9044444444,0.9091666667,0.9093888889,0.9137777778,0.9147777778,0.9183333333,0.9177777778],"0.5":[0.8375555556,0.8796666667,0.8871666667,0.8932222222,0.8949444444,0.9005555556,0.9017222222,0.9025,0.9034444444,0.9053888889],"0.6":[0.744,0.7691666667,0.7730555556,0.7766666667,0.7787222222,0.7778333333,0.7797222222,0.7806666667,0.7815555556,0.7816666667],"0.7":[0.6905,0.7386666667,0.7136666667,0.7229444444,0.7285555556,0.7331111111,0.741,0.7451111111,0.7434444444,0.7484444444],"0.8":[0.6830555556,0.7341666667,0.7401111111,0.7441111111,0.7476111111,0.7509444444,0.7523333333,0.7527777778,0.7537222222,0.7540555556]},"loss":{"0.0":[0.3723946533,0.2133880488,0.1816717661,0.1626844321,0.1492318964,0.1388391194,0.1309256115,0.1242507821,0.1186272506,0.1137428574],"0.1":[2.9815315152,2.8774733348,2.8633460302,2.8527308637,2.8458017954,2.8393142524,2.8359203828,2.8317319446,2.8304081662,2.8273601162],"0.2":[2.9912647476,2.8940147043,2.873583242,2.8652599423,2.8555810157,2.8508411981,2.8486220831,2.8405780743,2.8396135841,2.8391725768],"0.3":[0.5185574452,0.2720992124,0.2394876639,0.2160613695,0.2016003379,0.1917788759,0.183020201,0.1760200137,0.1713997884,0.1620006879],"0.4":[0.4894941243,0.3206441982,0.28925156,0.2779584334,0.2626230941,0.2571353909,0.246477977,0.2392550872,0.2382587975,0.2358013027],"0.5":[0.5506732168,0.3574283396,0.3303215026,0.3120302497,0.3032867189,0.2902385336,0.2863631823,0.2780772619,0.2761060141,0.2712365323],"0.6":[3.0968246573,2.9386392084,2.9225338644,2.9115062379,2.9042112357,2.9005547401,2.8921257696,2.8891111949,2.8559105508,2.3533678568],"0.7":[4.8568378185,3.771550745,3.2333984775,3.1213501032,3.0788458913,3.0523585491,3.0322919622,3.017503332,3.011456577,3.0029187066],"0.8":[3.6178281912,3.0576581494,3.0291700091,3.0127770915,3.00704201,2.9948078836,2.9879842869,2.9866615872,2.9825802668,2.9822182158]},"val_acc":{"0.0":[0.9105,0.9145,0.914,0.9195,0.9225,0.9185,0.922,0.922,0.9225,0.925],"0.1":[0.777,0.7805,0.7805,0.781,0.785,0.784,0.785,0.788,0.7865,0.786],"0.2":[0.775,0.7785,0.7795,0.782,0.783,0.784,0.7855,0.7865,0.785,0.7865],"0.3":[0.8995,0.906,0.9125,0.9135,0.916,0.9205,0.9195,0.92,0.92,0.921],"0.4":[0.895,0.8985,0.9015,0.9065,0.905,0.908,0.9095,0.911,0.915,0.9165],"0.5":[0.881,0.8875,0.89,0.8945,0.896,0.8985,0.899,0.9,0.9,0.9015],"0.6":[0.774,0.7815,0.7815,0.7815,0.7815,0.784,0.7835,0.7825,0.7835,0.813],"0.7":[0.7575,0.7555,0.7555,0.757,0.759,0.7605,0.763,0.7655,0.7675,0.766],"0.8":[0.7565,0.756,0.7585,0.7575,0.7585,0.7585,0.758,0.76,0.761,0.7615]},"val_loss":{"0.0":[0.2746806786,0.2569707173,0.2523329988,0.2439424725,0.2404476879,0.2392317537,0.2362693878,0.2349559083,0.2338354181,0.2327342284],"0.1":[2.8812869099,2.8727869997,2.8678618658,2.8635257986,2.8625569342,2.8605369577,2.8577461272,2.8571724005,2.8558159116,2.8548910959],"0.2":[2.8861561071,2.8688837559,2.8638998249,2.8579624168,2.8544331478,2.8525887188,2.8496637144,2.8488818181,2.8485088112,2.8468995321],"0.3":[0.2900725667,0.2719644258,0.2606200793,0.2532053582,0.2477963509,0.2422609207,0.2407544594,0.2393545345,0.2368699976,0.2346574475],"0.4":[0.3078006366,0.2845010195,0.2744079453,0.2671399965,0.263002289,0.2587238888,0.2558241658,0.2536392899,0.251334574,0.2477745064],"0.5":[0.3604152722,0.3287446876,0.3179426217,0.307197744,0.3021868826,0.2904878393,0.2862041315,0.2861243648,0.2807587347,0.2792064762],"0.6":[2.8951915907,2.8745835239,2.8684617163,2.8647447723,2.8683775748,2.8577190819,2.858503206,2.8588421116,2.8376857732,1.3529100369],"0.7":[3.8419067686,3.1028257357,2.9568199402,2.93344364,2.9213664935,2.9140004405,2.9092693246,2.9034282995,2.9001677699,2.8980632494],"0.8":[2.9577761355,2.9362866828,2.9276474088,2.9219850333,2.9173439764,2.9132313728,2.9101992388,2.9092576622,2.9055090488,2.9032041662]}}