{"acc":{"0.0":[0.699026764,0.8094890511,0.8340024331,0.8413017032,0.8459854015,0.8565693431,0.8599148418,0.8590024331],"0.1":[0.6876520681,0.7979927007,0.825243309,0.8366788321,0.8454987835,0.852676399,0.8564476886,0.8604014599],"0.2":[0.6777372263,0.7967761557,0.8186739659,0.8320559611,0.8399026764,0.8471411192,0.8549878345,0.8564476886],"0.3":[0.6921532847,0.7887469586,0.8194647202,0.8277372263,0.8338199513,0.8420316302,0.846350365,0.8487226277],"0.4":[0.5860705596,0.7409975669,0.7843673966,0.7984184915,0.8104014599,0.8156934307,0.8195863747,0.82743309]},"loss":{"0.0":[0.7962717799,0.4874469294,0.4289143689,0.4034040702,0.3982322398,0.3708041845,0.3620492163,0.3650005891],"0.1":[0.8857856311,0.5036125609,0.4457941497,0.4192563524,0.3981047841,0.382848424,0.3778995251,0.362215356],"0.2":[0.8854422802,0.5196197824,0.47376219,0.4370544913,0.4167202983,0.396105178,0.3786631556,0.376138795],"0.3":[0.8150420767,0.5270292661,0.4671621472,0.4461271851,0.4230870287,0.4076236035,0.3995756321,0.389474672],"0.4":[1.09855889,0.6530189156,0.5601864527,0.5228951209,0.5003667988,0.4751613098,0.4674008241,0.4478214374]},"val_acc":{"0.0":[0.8215873017,0.8438095239,0.8520634921,0.8622222223,0.8653968254,0.8723809525,0.8736507937,0.8704761906],"0.1":[0.808888889,0.8501587302,0.8571428573,0.8622222223,0.8641269842,0.8730158731,0.8742857143,0.8692063493],"0.2":[0.8266666667,0.8520634922,0.8742857143,0.8800000002,0.8869841271,0.888888889,0.8882539683,0.895873016],"0.3":[0.8165079366,0.8444444446,0.8457142859,0.8565079366,0.860952381,0.860952381,0.8641269842,0.8641269842],"0.4":[0.7930158731,0.8317460317,0.8526984128,0.8603174604,0.8711111111,0.8673015873,0.8653968254,0.8723809524]},"val_loss":{"0.0":[0.4818367071,0.4229256624,0.3984256618,0.3801731834,0.3693229214,0.3627918731,0.3585016684,0.3540266299],"0.1":[0.4925646817,0.4154057886,0.3943246605,0.3712609086,0.3574182436,0.3408589994,0.3331305999,0.3338103458],"0.2":[0.4767746517,0.3915912622,0.3557822442,0.3293784983,0.3134863144,0.3079426205,0.3058624196,0.2944961562],"0.3":[0.4776309468,0.4239484478,0.3848842854,0.3731463337,0.3616266563,0.3530582297,0.3441059066,0.3466746094],"0.4":[0.5557888321,0.4554839902,0.4121016134,0.3959149511,0.3727181022,0.363794968,0.3628728391,0.3531843499]}}