{"acc":{"0.0":[0.8675,0.8951111111,0.9047777778,0.9103888889,0.9143888889,0.9163888889,0.9185,0.9193888889,0.921,0.922],"0.1":[0.8720555556,0.9141111111,0.9253333333,0.932,0.9368333333,0.9414444444,0.9434444444,0.9458888889,0.9486666667,0.9510555556],"0.2":[0.8647222222,0.9023888889,0.912,0.9173333333,0.9224444444,0.9276111111,0.9299444444,0.9344444444,0.9355,0.9341111111],"0.3":[0.8535555556,0.8993888889,0.9115555556,0.9171111111,0.9241666667,0.9265,0.9313333333,0.9336111111,0.9355,0.9346666667],"0.4":[0.8364444444,0.8846111111,0.8986666667,0.9082777778,0.9143333333,0.9196666667,0.9199444444,0.9226111111,0.9233888889,0.9298333333],"0.5":[0.6766111111,0.736,0.7430555556,0.7499444444,0.7567222222,0.7613333333,0.7658333333,0.7653888889,0.7677777778,0.7720555556]},"loss":{"0.0":[1.3166608861,1.1555246824,1.117297042,1.0941979783,1.0803484842,1.072338212,1.0676061979,1.0639352262,1.0609248266,1.0581609631],"0.1":[0.4208158263,0.2473152013,0.2148791292,0.1938424653,0.1810661416,0.1684405505,0.1610114846,0.155229171,0.1494624381,0.1441329864],"0.2":[0.5136558571,0.2867275112,0.2540766784,0.2336666685,0.2200748828,0.2066395975,0.2001925303,0.1916546729,0.1877289797,0.185243569],"0.3":[0.6704783896,0.3030351391,0.2628777507,0.2383006779,0.2251566207,0.2125694586,0.1997867157,0.1921090046,0.1876884544,0.1823595303],"0.4":[0.726093634,0.3545522742,0.3033823877,0.2713373531,0.2561643687,0.2399991658,0.2308244437,0.2194496709,0.2192307213,0.2061904891],"0.5":[5.1001902708,3.3774924231,3.0945039828,3.0309696008,2.9960315185,2.9771128684,2.9582685083,2.9502965797,2.9456359729,2.9289497025]},"val_acc":{"0.0":[0.88,0.8865,0.8895,0.8905,0.891,0.8915,0.893,0.891,0.8935,0.894],"0.1":[0.899,0.912,0.9195,0.923,0.9235,0.9225,0.924,0.9255,0.926,0.927],"0.2":[0.9095,0.9135,0.911,0.9165,0.916,0.919,0.9215,0.922,0.922,0.923],"0.3":[0.8965,0.908,0.914,0.916,0.9175,0.9145,0.9195,0.92,0.92,0.9215],"0.4":[0.892,0.901,0.9045,0.9075,0.91,0.9105,0.9115,0.915,0.9135,0.914],"0.5":[0.7545,0.769,0.773,0.777,0.779,0.78,0.782,0.783,0.784,0.784]},"val_loss":{"0.0":[1.2518106965,1.1997735288,1.1942039194,1.1884895121,1.1842247338,1.1821059927,1.1813406184,1.1804976107,1.1807269925,1.1802824879],"0.1":[0.279085351,0.2615392071,0.2502883852,0.2432765556,0.2395996781,0.2366004489,0.2345301637,0.2331517042,0.2317963586,0.2306451778],"0.2":[0.2922188747,0.2708035979,0.2607176582,0.2484608856,0.2431345579,0.238100366,0.2354890355,0.2342950138,0.2300059049,0.2271851082],"0.3":[0.3153924299,0.2824648989,0.2679958665,0.2581929624,0.2531421395,0.2486859109,0.245652848,0.2428923718,0.2394511867,0.2374820843],"0.4":[0.3417835325,0.3074862696,0.2943914171,0.2853605084,0.2782302571,0.2751617004,0.2705893935,0.2685049787,0.2656645541,0.2625080504],"0.5":[3.6379244072,2.973373699,2.927880096,2.9115021256,2.9025728019,2.8963533653,2.8892500488,2.8839570128,2.8811544351,2.878383986]}}