{"acc":{"0.0":[0.700973236,0.8131386861,0.8355839416,0.8496958637,0.8590632603,0.8625304136,0.8677615572,0.8729927007],"0.1":[0.7503649635,0.8346107056,0.8505474453,0.8607055961,0.8621046229,0.8689172749,0.8705596107,0.875243309],"0.2":[0.6831508516,0.7913017032,0.8108272506,0.823540146,0.8322384428,0.8377737226,0.8408759124,0.8437347932],"0.3":[0.6347323601,0.7683698297,0.795620438,0.8118613139,0.8167274939,0.8305352798,0.8313868613,0.8379562044],"0.4":[0.6239659367,0.7540145985,0.7874087591,0.8010340633,0.8146593674,0.8177615572,0.8172749392,0.8231751825]},"loss":{"0.0":[0.9356493364,0.478421101,0.4267156874,0.3931598535,0.368465128,0.3635981865,0.350994566,0.3430530997],"0.1":[0.6914519224,0.4303560293,0.3903455461,0.3697172862,0.3608452954,0.3425376397,0.3372294018,0.3314766596],"0.2":[0.8505142419,0.5335441917,0.4857840578,0.4555674445,0.4349474721,0.4182886592,0.4096100083,0.4032392742],"0.3":[1.2704674075,0.5977824369,0.5251331955,0.4888420769,0.4743756299,0.4511165613,0.4454177663,0.4316549015],"0.4":[1.1201952721,0.6197755286,0.5511371238,0.5165793588,0.4942561258,0.4762371125,0.4733742746,0.4545976406]},"val_acc":{"0.0":[0.8165079365,0.8495238096,0.8615873016,0.862857143,0.867936508,0.874920635,0.8857142858,0.8850793651],"0.1":[0.8323809525,0.8514285715,0.8730158731,0.867936508,0.8755555556,0.8812698413,0.8806349206,0.8831746033],"0.2":[0.8133333334,0.8457142858,0.8501587302,0.8596825398,0.8628571429,0.8641269842,0.8634920635,0.8673015874],"0.3":[0.7790476191,0.8184126985,0.8336507938,0.8361904763,0.8431746032,0.8457142859,0.8476190477,0.8438095239],"0.4":[0.7968253969,0.8209523811,0.8393650794,0.8412698414,0.8482539683,0.8558730159,0.8565079365,0.8666666667]},"val_loss":{"0.0":[0.4526244239,0.3872549927,0.3591100135,0.3487196515,0.3400650366,0.3257606486,0.3031753637,0.3124563867],"0.1":[0.4312346242,0.3905420455,0.3562660748,0.3513294474,0.3469964003,0.3294358412,0.3315703189,0.3252779105],"0.2":[0.4881547246,0.4231326976,0.4007199298,0.3805120834,0.3735127539,0.3617884591,0.3613887739,0.3503492065],"0.3":[0.5797958079,0.4933985391,0.4442477379,0.4267488416,0.4079014961,0.4006429019,0.3942170605,0.3915795664],"0.4":[0.5449757642,0.4688523031,0.4286790665,0.4148071567,0.4040106002,0.3941310743,0.3812658496,0.3731444666]}}