{"acc":{"0.00001":[0.7952222222,0.8412222222,0.8504444444,0.8554444444,0.8607777778,0.8643888889,0.8668333333,0.8683888889,0.8707777778,0.8724444444,0.8741111111,0.8754444444,0.8768888889,0.8781111111,0.8792222222,0.8800555556,0.8803333333,0.8811666667,0.8819444444,0.8826111111],"0.00005":[0.8700555556,0.9335,0.9482777778,0.9562222222,0.9632222222,0.9670555556,0.9705,0.9731111111,0.9752777778,0.9771111111,0.9786111111,0.9795555556,0.9808888889,0.982,0.983,0.9835555556,0.9846111111,0.9853888889,0.9861666667,0.9865555556],"0.0001":[0.8875,0.9257777778,0.9365,0.9442777778,0.9488888889,0.9532222222,0.9551111111,0.9587222222,0.9602222222,0.9629444444,0.9641666667,0.9649444444,0.9671666667,0.9676666667,0.969,0.9703888889,0.9713333333,0.9720555556,0.9726666667,0.9736666667]},"loss":{"0.00001":[1.4433602706,0.9971088037,0.9055712855,0.8515354673,0.813340906,0.7842948236,0.7608774314,0.7413722045,0.7246307311,0.7094048733,0.694363646,0.6809651121,0.6690300407,0.6581834461,0.6483061487,0.6391701736,0.6306789989,0.6228023796,0.6154089487,0.6085305874],"0.00005":[0.4666569245,0.2092030527,0.1665932806,0.1425419247,0.1263721774,0.1144235948,0.1050105823,0.0975575383,0.0913460068,0.0860359024,0.0815312948,0.0775811904,0.07409485,0.070973354,0.0681649225,0.0656327934,0.0633287458,0.0611788086,0.059235503,0.0574238725],"0.0001":[0.3736501131,0.2177322939,0.1846553085,0.1644756926,0.1508191851,0.140492284,0.1322087779,0.1254467369,0.1196849847,0.1145081662,0.1103539597,0.1064571865,0.1031046577,0.100016429,0.0971817071,0.0947302849,0.0923617994,0.0901073561,0.0881767798,0.0861834389]},"val_acc":{"0.00001":[0.812,0.817,0.82,0.8225,0.8225,0.822,0.8235,0.8255,0.8255,0.827,0.827,0.8275,0.828,0.8295,0.83,0.8305,0.8305,0.8305,0.831,0.8315],"0.00005":[0.891,0.896,0.8995,0.9045,0.9055,0.9085,0.912,0.9115,0.9135,0.9135,0.913,0.9135,0.914,0.9135,0.914,0.9145,0.915,0.9145,0.9145,0.9155],"0.0001":[0.9075,0.9125,0.9175,0.92,0.917,0.918,0.9175,0.9185,0.9185,0.9195,0.919,0.92,0.919,0.919,0.9195,0.921,0.9205,0.92,0.9205,0.9205]},"val_loss":{"0.00001":[1.1642584791,1.0821691809,1.0378301452,1.0077567907,0.9861555937,0.9686449607,0.9543056195,0.9423448044,0.9317791689,0.9224867661,0.9139028157,0.9064781896,0.8996253123,0.8934768616,0.8878942349,0.882695019,0.8778556717,0.8733444714,0.869245914,0.8654212545],"0.00005":[0.3504745495,0.3282947483,0.3175205604,0.3111190552,0.3072099413,0.3038861975,0.3013543518,0.2994948778,0.2980701531,0.297036883,0.2960108633,0.2949046034,0.2940780508,0.2937492028,0.2930419405,0.2925510766,0.2919766157,0.2920289167,0.2913366427,0.2911894826],"0.0001":[0.2900064073,0.2715007702,0.2645731816,0.2583205327,0.2567940594,0.2542446563,0.2533271325,0.2513534812,0.2504972074,0.2506564884,0.2494585906,0.2499091354,0.2490985052,0.2493356652,0.2491410696,0.2486822064,0.2487937136,0.2488353296,0.2485210498,0.2488589516]}}