Class,Train,Validation,Test
food,65.62478354228718,66.21000000000001,65.42
inside,21.941885433261756,21.315,22.243333333333336
outside,8.285135415945142,8.195,8.123333333333333
drink,3.673720302001801,3.755,3.71
menu,0.4744753065041214,0.525,0.5033333333333333
