Class,Image Count,Abundance (%)
food,184456,65.64457351098963
inside,61620,21.92944994875299
outside,23214,8.261445165698667
drink,10350,3.6833788862316363
menu,1352,0.4811524883270698
