{"Downsampled": {"loss": 0.3005040910292715, "acc": 0.88945, "cm": [[655, 17, 44, 7, 28], [697, 12179, 190, 70, 106], [92, 87, 3433, 44, 607], [0, 0, 0, 105, 0], [11, 2, 187, 22, 1417]], "pcr": [0.8721704394141145, 0.9197251170518048, 0.8053014309171944, 1.0, 0.8645515558267236], "mpcr": 0.8923497086419674, "class_f1s": [0.5938349954669085, 0.9542053511967721, 0.8458790193421214, 0.594900849858357, 0.7463787200421386], "macro_f1": 0.7470397871812595, "micro_f1": 0.88945, "class_aucs": [0.977096844016107, 0.994168440172089, 0.9798986182549001, 0.9996854916885075, 0.9804540681117786], "macro_auc": 0.9862606924486764, "micro_auc": 0.9879448634375001}, "Full-Unbalanced": {"loss": 0.19311337112617913, "acc": 0.931, "cm": [[355, 168, 199, 0, 29], [40, 13055, 110, 0, 37], [19, 83, 3847, 0, 314], [3, 4, 39, 22, 37], [1, 6, 291, 0, 1341]], "pcr": [0.47270306258322237, 0.9858782661229422, 0.9024161388693408, 0.20952380952380953, 0.8181818181818182], "mpcr": 0.6777406190562267, "class_f1s": [0.6073567151411463, 0.9831312598840274, 0.8794147902617441, 0.3464566929133859, 0.7895201648513395], "macro_f1": 0.7211759246103286, "micro_f1": 0.931, "class_aucs": [0.9741165588071776, 0.996681323368716, 0.9863879246286057, 0.9856364963678359, 0.985914151606389], "macro_auc": 0.9857472909557448, "micro_auc": 0.99491346125}, "Full-Balanced": {"loss": 0.38255137259005567, "acc": 0.85975, "cm": [[594, 26, 69, 24, 38], [1065, 11857, 174, 66, 80], [121, 43, 3403, 58, 638], [0, 0, 1, 101, 3], [10, 3, 354, 32, 1240]], "pcr": [0.7909454061251664, 0.8954085485576196, 0.7982641332395027, 0.9619047619047619, 0.7565588773642465], "mpcr": 0.8406163454382595, "class_f1s": [0.4675324675324675, 0.942115927058917, 0.8235721200387222, 0.5233160621761658, 0.6816932380428806], "macro_f1": 0.6876459629698306, "micro_f1": 0.85975, "class_aucs": [0.9445208871417327, 0.99336459110101, 0.9753502740351531, 0.997818547373712, 0.9672820993405293], "macro_auc": 0.9756672797984274, "micro_auc": 0.981155078125}, "Combined": {"loss": 0.25125139035152166, "acc": 0.9043, "cm": [[653, 19, 52, 7, 20], [542, 12345, 184, 105, 66], [86, 39, 3491, 42, 605], [0, 0, 1, 104, 0], [6, 0, 126, 14, 1493]], "pcr": [0.8695073235685752, 0.9322609877661985, 0.8189068730940652, 0.9904761904761905, 0.9109212934716291], "mpcr": 0.9044145336753318, "class_f1s": [0.6408243375858684, 0.9627607720803274, 0.8601700135518048, 0.5517241379310345, 0.7810619931990583], "macro_f1": 0.7593082508696186, "micro_f1": 0.9043, "class_aucs": [0.9801029316617966, 0.9971684981901103, 0.9854563185433517, 0.999613207434268, 0.9877161579346946], "macro_auc": 0.9900114227528443, "micro_auc": 0.9914908403125}, "Hybrid-Balanced": {"loss": 0.2692917324643342, "acc": 0.9024, "cm": [[663, 17, 42, 5, 24], [538, 12308, 219, 64, 113], [80, 64, 3535, 35, 549], [0, 0, 0, 104, 1], [12, 0, 171, 18, 1438]], "pcr": [0.8828229027962716, 0.929466847908171, 0.8292282430213465, 0.9904761904761905, 0.8773642464917633], "mpcr": 0.9018716861387486, "class_f1s": [0.6487279843444227, 0.9603995162108384, 0.859052247873633, 0.6283987915407855, 0.7640807651434643], "macro_f1": 0.7721318610226289, "micro_f1": 0.9024, "class_aucs": [0.9819887231591535, 0.9953594857833276, 0.9822639707038778, 0.9997357555739058, 0.9839823838089056], "macro_auc": 0.9886660638058341, "micro_auc": 0.9901791084375}, "Hybrid-Root": {"loss": 0.18298324303253322, "acc": 0.9361, "cm": [[610, 50, 63, 4, 24], [172, 12842, 161, 15, 52], [42, 97, 3757, 16, 351], [0, 0, 1, 103, 1], [4, 6, 212, 7, 1410]], "pcr": [0.8122503328894807, 0.969793082615919, 0.8813042458362655, 0.9809523809523809, 0.860280658938377], "mpcr": 0.9009161402464846, "class_f1s": [0.772640911969601, 0.9789228951480733, 0.888494738086792, 0.824, 0.811044003451251], "macro_f1": 0.8550205097311434, "micro_f1": 0.9361, "class_aucs": [0.9854554500176709, 0.9963145873441418, 0.9867268957748205, 0.9997802750152587, 0.9863552741424537], "macro_auc": 0.990926496458869, "micro_auc": 0.9952608840624999}}