{"ImageNet_baseline_1 - 1": {"loss": 0.9106163856413074, "acc": 0.8628571429706755, "cm": [[92, 6, 5, 0, 2], [4, 96, 2, 2, 1], [3, 4, 85, 2, 11], [1, 2, 2, 99, 1], [0, 1, 23, 0, 81]], "pcr": [0.8761904761904762, 0.9142857142857143, 0.8095238095238095, 0.9428571428571428, 0.7714285714285715], "mpcr": 0.8628571428571428, "class_f1s": [0.8975609756097561, 0.8971962616822431, 0.7657657657657657, 0.951923076923077, 0.8059701492537314], "macro_f1": 0.8636832458469147, "micro_f1": 0.8628571428571429, "class_aucs": [0.9901814058956917, 0.9893764172335602, 0.9528004535147392, 0.9975963718820862, 0.974251700680272], "macro_auc": 0.9808412698412698, "micro_auc": 0.9838294784580498}, "ImageNet_baseline_1 - 2": {"loss": 0.8652348013745027, "acc": 0.8895238096373422, "cm": [[98, 2, 1, 1, 3], [3, 100, 1, 0, 1], [5, 1, 82, 2, 15], [0, 0, 2, 101, 2], [1, 0, 18, 0, 86]], "pcr": [0.9333333333333333, 0.9523809523809523, 0.780952380952381, 0.9619047619047619, 0.819047619047619], "mpcr": 0.8895238095238096, "class_f1s": [0.9245283018867924, 0.9615384615384616, 0.7846889952153111, 0.9665071770334929, 0.8113207547169811], "macro_f1": 0.8897167380782077, "micro_f1": 0.8895238095238095, "class_aucs": [0.9850680272108844, 0.9920408163265305, 0.9605102040816327, 0.9976417233560091, 0.9614285714285714], "macro_auc": 0.9793378684807257, "micro_auc": 0.9817945578231292}, "ImageNet_baseline_1 - 3": {"loss": 0.936872867938958, "acc": 0.8800000001135326, "cm": [[96, 3, 3, 1, 2], [3, 95, 3, 4, 0], [3, 4, 81, 1, 16], [0, 1, 0, 104, 0], [0, 0, 19, 0, 86]], "pcr": [0.9142857142857143, 0.9047619047619048, 0.7714285714285715, 0.9904761904761905, 0.819047619047619], "mpcr": 0.8800000000000001, "class_f1s": [0.9275362318840579, 0.9134615384615385, 0.7677725118483413, 0.9674418604651163, 0.8229665071770335], "macro_f1": 0.8798357299672176, "micro_f1": 0.88, "class_aucs": [0.9870408163265307, 0.9891043083900227, 0.9464172335600907, 0.9974149659863946, 0.9670181405895691], "macro_auc": 0.9773990929705215, "micro_auc": 0.9807319727891157}, "ImageNet_trainable_2 - 1": {"loss": 0.37336969443790924, "acc": 0.8742857143424806, "cm": [[92, 8, 4, 1, 0], [2, 99, 2, 2, 0], [4, 3, 88, 2, 8], [0, 1, 1, 102, 1], [0, 3, 24, 0, 78]], "pcr": [0.8761904761904762, 0.9428571428571428, 0.8380952380952381, 0.9714285714285714, 0.7428571428571429], "mpcr": 0.8742857142857143, "class_f1s": [0.9064039408866995, 0.904109589041096, 0.7857142857142857, 0.9622641509433962, 0.8125], "macro_f1": 0.8741983933170955, "micro_f1": 0.8742857142857143, "class_aucs": [0.9861224489795919, 0.9924489795918366, 0.95437641723356, 0.9978231292517007, 0.9799999999999999], "macro_auc": 0.9821541950113378, "micro_auc": 0.9843156462585034}, "ImageNet_trainable_2 - 2": {"loss": 0.3957773221188801, "acc": 0.8704761905897231, "cm": [[93, 7, 4, 1, 0], [10, 93, 0, 1, 1], [7, 4, 81, 1, 12], [2, 0, 0, 102, 1], [1, 1, 15, 0, 88]], "pcr": [0.8857142857142857, 0.8857142857142857, 0.7714285714285715, 0.9714285714285714, 0.8380952380952381], "mpcr": 0.8704761904761904, "class_f1s": [0.8532110091743119, 0.8857142857142857, 0.7902439024390244, 0.9714285714285714, 0.8502415458937198], "macro_f1": 0.8701678629299827, "micro_f1": 0.8704761904761905, "class_aucs": [0.978344671201814, 0.9878458049886623, 0.9530385487528343, 0.9994784580498867, 0.9797052154195012], "macro_auc": 0.9796825396825397, "micro_auc": 0.9826122448979592}, "ImageNet_trainable_2 - 3": {"loss": 0.356603337948521, "acc": 0.8723809526080177, "cm": [[94, 4, 5, 1, 1], [7, 96, 0, 2, 0], [7, 2, 81, 2, 13], [1, 0, 3, 100, 1], [0, 1, 16, 1, 87]], "pcr": [0.8952380952380953, 0.9142857142857143, 0.7714285714285715, 0.9523809523809523, 0.8285714285714286], "mpcr": 0.8723809523809523, "class_f1s": [0.8785046728971964, 0.9230769230769231, 0.7714285714285715, 0.9478672985781991, 0.8405797101449276], "macro_f1": 0.8722914352251635, "micro_f1": 0.8723809523809524, "class_aucs": [0.9898185941043084, 0.9911791383219954, 0.956031746031746, 0.9968820861678004, 0.9777324263038549], "macro_auc": 0.982328798185941, "micro_auc": 0.9854544217687075}, "New_weights_3 - 1": {"loss": 0.7826399361519586, "acc": 0.7047619047902879, "cm": [[65, 21, 11, 2, 6], [18, 67, 11, 5, 4], [7, 11, 75, 3, 9], [2, 6, 4, 88, 5], [3, 2, 20, 5, 75]], "pcr": [0.6190476190476191, 0.638095238095238, 0.7142857142857143, 0.8380952380952381, 0.7142857142857143], "mpcr": 0.7047619047619048, "class_f1s": [0.6500000000000001, 0.6320754716981132, 0.6637168141592921, 0.8461538461538461, 0.7352941176470589], "macro_f1": 0.7054480499316621, "micro_f1": 0.7047619047619048, "class_aucs": [0.9126303854875283, 0.9012925170068029, 0.8944444444444445, 0.9624716553287982, 0.9355555555555555], "macro_auc": 0.9212789115646258, "micro_auc": 0.9232725623582766}, "New_weights_3 - 2": {"loss": 0.7620913072994777, "acc": 0.7047619047619048, "cm": [[70, 18, 11, 2, 4], [22, 67, 8, 5, 3], [8, 12, 77, 3, 5], [2, 8, 4, 88, 3], [4, 4, 26, 3, 68]], "pcr": [0.6666666666666666, 0.638095238095238, 0.7333333333333333, 0.8380952380952381, 0.6476190476190476], "mpcr": 0.7047619047619047, "class_f1s": [0.6635071090047393, 0.6261682242990653, 0.6666666666666666, 0.854368932038835, 0.723404255319149], "macro_f1": 0.706823037465691, "micro_f1": 0.7047619047619048, "class_aucs": [0.9160317460317461, 0.905124716553288, 0.8960544217687075, 0.9658503401360543, 0.9361224489795918], "macro_auc": 0.9238367346938776, "micro_auc": 0.9270603174603174}, "New_weights_3 - 3": {"loss": 0.7439332283110845, "acc": 0.7123809524093355, "cm": [[68, 21, 9, 2, 5], [15, 70, 9, 5, 6], [9, 9, 76, 2, 9], [2, 5, 5, 90, 3], [3, 2, 24, 6, 70]], "pcr": [0.6476190476190476, 0.6666666666666666, 0.7238095238095238, 0.8571428571428571, 0.6666666666666666], "mpcr": 0.7123809523809523, "class_f1s": [0.6732673267326732, 0.660377358490566, 0.6666666666666667, 0.8571428571428571, 0.707070707070707], "macro_f1": 0.712904983220694, "micro_f1": 0.7123809523809524, "class_aucs": [0.9190929705215419, 0.9110884353741496, 0.90140589569161, 0.9666666666666667, 0.9377097505668934], "macro_auc": 0.9271927437641724, "micro_auc": 0.9305396825396826}, "ImageNet_augmented_4 - 1": {"loss": 0.35320522282161704, "acc": 0.8457142857142858, "cm": [[81, 6, 10, 1, 7], [6, 97, 0, 2, 0], [4, 0, 69, 5, 27], [1, 0, 0, 103, 1], [0, 0, 8, 3, 94]], "pcr": [0.7714285714285715, 0.9238095238095239, 0.6571428571428571, 0.9809523809523809, 0.8952380952380953], "mpcr": 0.8457142857142858, "class_f1s": [0.8223350253807107, 0.9326923076923078, 0.71875, 0.9406392694063928, 0.8034188034188035], "macro_f1": 0.843567081179643, "micro_f1": 0.8457142857142858, "class_aucs": [0.984625850340136, 0.9904761904761905, 0.9627891156462585, 0.9986394557823131, 0.980907029478458], "macro_auc": 0.9834875283446711, "micro_auc": 0.9836535147392291}, "ImageNet_augmented_4 - 2": {"loss": 0.40948394228303747, "acc": 0.8628571429706755, "cm": [[83, 3, 9, 3, 7], [4, 97, 1, 2, 1], [6, 0, 75, 1, 23], [1, 0, 0, 104, 0], [1, 0, 10, 0, 94]], "pcr": [0.7904761904761904, 0.9238095238095239, 0.7142857142857143, 0.9904761904761905, 0.8952380952380953], "mpcr": 0.862857142857143, "class_f1s": [0.8300000000000001, 0.9463414634146342, 0.7500000000000001, 0.9674418604651163, 0.817391304347826], "macro_f1": 0.8622349256455152, "micro_f1": 0.8628571428571429, "class_aucs": [0.9719274376417234, 0.9874149659863946, 0.9518367346938775, 0.9991156462585034, 0.976984126984127], "macro_auc": 0.9774557823129252, "micro_auc": 0.9790721088435375}, "ImageNet_augmente_4 - 3": {"loss": 12.894476341292975, "acc": 0.2, "cm": [[0, 0, 0, 0, 105], [0, 0, 0, 0, 105], [0, 0, 0, 0, 105], [0, 0, 0, 0, 105], [0, 0, 0, 0, 105]], "pcr": [0.0, 0.0, 0.0, 0.0, 1.0], "mpcr": 0.2, "class_f1s": [0.0, 0.0, 0.0, 0.0, 0.33333333333333337], "macro_f1": 0.06666666666666668, "micro_f1": 0.20000000000000004, "class_aucs": [0.5393650793650794, 0.5, 0.48214285714285715, 0.5072562358276643, 0.5], "macro_auc": 0.5057528344671203, "micro_auc": 0.504720634920635}}