{"dropout1_0-0 - 1": {"loss": 0.3313588094285556, "acc": 0.8685714286849612, "cm": [[86, 8, 6, 0, 5], [6, 96, 0, 2, 1], [4, 3, 82, 3, 13], [1, 0, 2, 102, 0], [1, 0, 13, 1, 90]], "pcr": [0.819047619047619, 0.9142857142857143, 0.780952380952381, 0.9714285714285714, 0.8571428571428571], "mpcr": 0.8685714285714285, "class_f1s": [0.8472906403940886, 0.9056603773584906, 0.7884615384615384, 0.9577464788732395, 0.8411214953271028], "macro_f1": 0.868056106082892, "micro_f1": 0.8685714285714285, "class_aucs": [0.9801360544217687, 0.992607709750567, 0.9680725623582767, 0.9983219954648528, 0.9833333333333333], "macro_auc": 0.9844943310657597, "micro_auc": 0.9858122448979592}, "dropout1_0-0 - 2": {"loss": 0.3224667121593596, "acc": 0.8761904761904762, "cm": [[88, 4, 11, 1, 1], [2, 96, 4, 2, 1], [4, 3, 73, 3, 22], [1, 0, 0, 104, 0], [0, 0, 6, 0, 99]], "pcr": [0.8380952380952381, 0.9142857142857143, 0.6952380952380952, 0.9904761904761905, 0.9428571428571428], "mpcr": 0.8761904761904763, "class_f1s": [0.88, 0.9230769230769231, 0.7336683417085427, 0.9674418604651163, 0.868421052631579], "macro_f1": 0.8745216355764323, "micro_f1": 0.8761904761904762, "class_aucs": [0.9878231292517007, 0.9946938775510203, 0.9527437641723355, 0.9996598639455783, 0.9847165532879819], "macro_auc": 0.9839274376417235, "micro_auc": 0.9863546485260771}, "dropout1_0-0 - 3": {"loss": 0.25261453721672295, "acc": 0.9161904763040088, "cm": [[93, 3, 6, 0, 3], [1, 103, 0, 1, 0], [0, 1, 88, 2, 14], [1, 1, 1, 102, 0], [1, 0, 9, 0, 95]], "pcr": [0.8857142857142857, 0.9809523809523809, 0.8380952380952381, 0.9714285714285714, 0.9047619047619048], "mpcr": 0.9161904761904763, "class_f1s": [0.9253731343283582, 0.9671361502347416, 0.8421052631578948, 0.9714285714285714, 0.8755760368663595], "macro_f1": 0.9163238312031851, "micro_f1": 0.9161904761904762, "class_aucs": [0.991655328798186, 0.9966213151927437, 0.9734013605442177, 0.9992517006802721, 0.9875283446712019], "macro_auc": 0.9896916099773243, "micro_auc": 0.9916045351473923}, "dropout1_0-1 - 1": {"loss": 0.27652751803116793, "acc": 0.8971428572563898, "cm": [[93, 1, 8, 1, 2], [6, 96, 2, 1, 0], [4, 0, 88, 1, 12], [0, 0, 0, 104, 1], [0, 0, 15, 0, 90]], "pcr": [0.8857142857142857, 0.9142857142857143, 0.8380952380952381, 0.9904761904761905, 0.8571428571428571], "mpcr": 0.8971428571428571, "class_f1s": [0.8942307692307693, 0.9504950495049506, 0.8073394495412844, 0.9811320754716981, 0.8571428571428571], "macro_f1": 0.8980680401783119, "micro_f1": 0.8971428571428571, "class_aucs": [0.9884353741496598, 0.9954421768707483, 0.9674603174603175, 0.9995464852607711, 0.9844897959183674], "macro_auc": 0.9870748299319729, "micro_auc": 0.9898412698412699}, "dropout1_0-1 - 2": {"loss": 0.3297742990042094, "acc": 0.8704761907032558, "cm": [[85, 6, 7, 2, 5], [2, 101, 1, 1, 0], [6, 2, 80, 2, 15], [1, 0, 1, 102, 1], [0, 0, 16, 0, 89]], "pcr": [0.8095238095238095, 0.9619047619047619, 0.7619047619047619, 0.9714285714285714, 0.8476190476190476], "mpcr": 0.8704761904761904, "class_f1s": [0.8542713567839195, 0.9439252336448597, 0.7619047619047619, 0.9622641509433962, 0.8279069767441859], "macro_f1": 0.8700544960042246, "micro_f1": 0.8704761904761905, "class_aucs": [0.9842630385487527, 0.9894557823129252, 0.9620861678004534, 0.9994784580498867, 0.9795918367346939], "macro_auc": 0.9829750566893424, "micro_auc": 0.9862231292517006}, "dropout1_0-1 - 3": {"loss": 0.35497729735236655, "acc": 0.8876190476190476, "cm": [[84, 5, 9, 2, 5], [2, 101, 0, 1, 1], [3, 0, 80, 2, 20], [0, 0, 0, 103, 2], [1, 0, 6, 0, 98]], "pcr": [0.8, 0.9619047619047619, 0.7619047619047619, 0.9809523809523809, 0.9333333333333333], "mpcr": 0.8876190476190476, "class_f1s": [0.8615384615384616, 0.957345971563981, 0.8, 0.9671361502347416, 0.8484848484848485], "macro_f1": 0.8869010863644065, "micro_f1": 0.8876190476190476, "class_aucs": [0.9773922902494332, 0.9885034013605443, 0.9709070294784581, 0.9991156462585035, 0.984625850340136], "macro_auc": 0.984108843537415, "micro_auc": 0.9838639455782314}, "dropout1_0-2 - 1": {"loss": 0.30915301691374875, "acc": 0.8819047620182946, "cm": [[86, 3, 6, 2, 8], [3, 100, 0, 1, 1], [7, 3, 84, 2, 9], [0, 0, 0, 105, 0], [1, 0, 16, 0, 88]], "pcr": [0.819047619047619, 0.9523809523809523, 0.8, 1.0, 0.8380952380952381], "mpcr": 0.8819047619047617, "class_f1s": [0.8514851485148515, 0.9478672985781991, 0.7962085308056872, 0.9767441860465117, 0.8341232227488152], "macro_f1": 0.8812856773388129, "micro_f1": 0.8819047619047619, "class_aucs": [0.9825396825396825, 0.992607709750567, 0.9658503401360545, 0.9994784580498867, 0.9807936507936508], "macro_auc": 0.9842539682539684, "micro_auc": 0.9871374149659864}, "dropout1_0-2 - 2": {"loss": 0.43139681418110437, "acc": 0.8361904764175415, "cm": [[81, 6, 9, 3, 6], [9, 92, 0, 3, 1], [4, 1, 70, 1, 29], [0, 0, 0, 103, 2], [0, 0, 12, 0, 93]], "pcr": [0.7714285714285715, 0.8761904761904762, 0.6666666666666666, 0.9809523809523809, 0.8857142857142857], "mpcr": 0.836190476190476, "class_f1s": [0.8140703517587939, 0.9019607843137255, 0.7142857142857142, 0.958139534883721, 0.7881355932203389], "macro_f1": 0.8353183956924587, "micro_f1": 0.8361904761904762, "class_aucs": [0.9719727891156462, 0.9823582766439909, 0.9446031746031746, 0.9986167800453515, 0.976077097505669], "macro_auc": 0.9747256235827664, "micro_auc": 0.9759229024943311}, "dropout1_0-2 - 3": {"loss": 0.30596215539315297, "acc": 0.885714285941351, "cm": [[94, 3, 5, 2, 1], [4, 97, 1, 2, 1], [3, 3, 79, 2, 18], [1, 0, 0, 104, 0], [1, 0, 13, 0, 91]], "pcr": [0.8952380952380953, 0.9238095238095239, 0.7523809523809524, 0.9904761904761905, 0.8666666666666667], "mpcr": 0.8857142857142858, "class_f1s": [0.903846153846154, 0.9326923076923078, 0.7783251231527093, 0.9674418604651163, 0.8425925925925926], "macro_f1": 0.8849796075497759, "micro_f1": 0.8857142857142857, "class_aucs": [0.9884126984126983, 0.9891836734693877, 0.9687528344671202, 0.9988888888888888, 0.983514739229025], "macro_auc": 0.9857505668934239, "micro_auc": 0.9880598639455782}, "dropout1_0-3 - 1": {"loss": 0.33981857571690244, "acc": 0.8609523811794463, "cm": [[92, 5, 7, 0, 1], [8, 95, 0, 2, 0], [8, 2, 69, 1, 25], [0, 0, 0, 105, 0], [1, 0, 13, 0, 91]], "pcr": [0.8761904761904762, 0.9047619047619048, 0.6571428571428571, 1.0, 0.8666666666666667], "mpcr": 0.8609523809523809, "class_f1s": [0.8598130841121495, 0.9178743961352657, 0.711340206185567, 0.9859154929577464, 0.81981981981982], "macro_f1": 0.8589525998421097, "micro_f1": 0.8609523809523809, "class_aucs": [0.9800907029478458, 0.9927210884353742, 0.9539002267573696, 0.9997052154195012, 0.9819727891156462], "macro_auc": 0.9816780045351475, "micro_auc": 0.9847356009070295}, "dropout1_0-3 - 2": {"loss": 0.4309121686273388, "acc": 0.8380952380952381, "cm": [[80, 6, 13, 2, 4], [6, 92, 0, 3, 4], [7, 0, 72, 3, 23], [0, 0, 1, 104, 0], [0, 0, 11, 2, 92]], "pcr": [0.7619047619047619, 0.8761904761904762, 0.6857142857142857, 0.9904761904761905, 0.8761904761904762], "mpcr": 0.838095238095238, "class_f1s": [0.8080808080808081, 0.9064039408866995, 0.7128712871287128, 0.9497716894977168, 0.807017543859649], "macro_f1": 0.8368290538907173, "micro_f1": 0.8380952380952381, "class_aucs": [0.9712925170068026, 0.9850793650793651, 0.9417460317460318, 0.9984126984126984, 0.9767800453514738], "macro_auc": 0.9746621315192743, "micro_auc": 0.9758975056689343}, "dropout1_0-3 - 3": {"loss": 0.3752721449955633, "acc": 0.8457142857142858, "cm": [[84, 4, 9, 1, 7], [6, 93, 2, 2, 2], [3, 2, 67, 2, 31], [1, 0, 0, 101, 3], [0, 0, 5, 1, 99]], "pcr": [0.8, 0.8857142857142857, 0.638095238095238, 0.9619047619047619, 0.9428571428571428], "mpcr": 0.8457142857142858, "class_f1s": [0.8442211055276382, 0.9117647058823529, 0.7127659574468084, 0.9528301886792454, 0.8016194331983806], "macro_f1": 0.8446402781468851, "micro_f1": 0.8457142857142858, "class_aucs": [0.9839229024943311, 0.9892517006802721, 0.9595691609977324, 0.9967800453514739, 0.9796371882086168], "macro_auc": 0.9818321995464853, "micro_auc": 0.9817877551020409},