{"dropout2_0-0 - 1": {"loss": 0.34996875044668, "acc": 0.8704761907032558, "cm": [[87, 3, 7, 4, 4], [1, 96, 5, 1, 2], [7, 2, 78, 2, 16], [0, 0, 0, 104, 1], [0, 0, 13, 0, 92]], "pcr": [0.8285714285714286, 0.9142857142857143, 0.7428571428571429, 0.9904761904761905, 0.8761904761904762], "mpcr": 0.8704761904761906, "class_f1s": [0.8700000000000001, 0.9320388349514563, 0.7499999999999999, 0.962962962962963, 0.8363636363636364], "macro_f1": 0.8702730868556113, "micro_f1": 0.8704761904761905, "class_aucs": [0.9831972789115646, 0.9889342403628117, 0.9558730158730159, 0.9990022675736961, 0.9816780045351474], "macro_auc": 0.9817369614512472, "micro_auc": 0.984021768707483}, "dropout2_0-0 - 2": {"loss": 0.3676843268579493, "acc": 0.8609523810659137, "cm": [[85, 5, 8, 4, 3], [11, 92, 0, 2, 0], [5, 1, 80, 3, 16], [1, 0, 1, 103, 0], [0, 0, 13, 0, 92]], "pcr": [0.8095238095238095, 0.8761904761904762, 0.7619047619047619, 0.9809523809523809, 0.8761904761904762], "mpcr": 0.8609523809523811, "class_f1s": [0.8212560386473431, 0.9064039408866995, 0.7729468599033817, 0.9493087557603686, 0.8518518518518519], "macro_f1": 0.8603534894099291, "micro_f1": 0.8609523809523809, "class_aucs": [0.9795011337868481, 0.9861678004535147, 0.9577551020408164, 0.9980498866213152, 0.9831292517006802], "macro_auc": 0.9809206349206349, "micro_auc": 0.9827446712018142}, "dropout2_0-0 - 3": {"loss": 0.3421065602824092, "acc": 0.8857142858278184, "cm": [[89, 5, 8, 0, 3], [4, 98, 2, 1, 0], [6, 2, 86, 3, 8], [1, 0, 1, 102, 1], [0, 0, 15, 0, 90]], "pcr": [0.8476190476190476, 0.9333333333333333, 0.819047619047619, 0.9714285714285714, 0.8571428571428571], "mpcr": 0.8857142857142856, "class_f1s": [0.8682926829268293, 0.9333333333333333, 0.7926267281105991, 0.9668246445497629, 0.8695652173913043], "macro_f1": 0.8861285212623657, "micro_f1": 0.8857142857142857, "class_aucs": [0.9811791383219954, 0.9874149659863947, 0.9645804988662131, 0.9972335600907031, 0.9859410430839002], "macro_auc": 0.9832698412698413, "micro_auc": 0.9851056689342405}, "dropout2_0-1 - 1": {"loss": 0.27079127083216525, "acc": 0.9085714287984938, "cm": [[95, 3, 5, 0, 2], [3, 101, 0, 1, 0], [2, 2, 91, 1, 9], [1, 0, 0, 103, 1], [0, 0, 18, 0, 87]], "pcr": [0.9047619047619048, 0.9619047619047619, 0.8666666666666667, 0.9809523809523809, 0.8285714285714286], "mpcr": 0.9085714285714286, "class_f1s": [0.9223300970873787, 0.957345971563981, 0.8310502283105023, 0.9809523809523809, 0.8529411764705883], "macro_f1": 0.9089239708769663, "micro_f1": 0.9085714285714287, "class_aucs": [0.9932199546485261, 0.9932199546485261, 0.9650340136054422, 0.9993197278911564, 0.9784353741496599], "macro_auc": 0.9858458049886621, "micro_auc": 0.9898684807256235}, "dropout2_0-1 - 2": {"loss": 0.3591139154701765, "acc": 0.8628571428571429, "cm": [[82, 6, 12, 2, 3], [6, 98, 0, 1, 0], [4, 3, 78, 1, 19], [1, 0, 1, 102, 1], [1, 0, 11, 0, 93]], "pcr": [0.780952380952381, 0.9333333333333333, 0.7428571428571429, 0.9714285714285714, 0.8857142857142857], "mpcr": 0.862857142857143, "class_f1s": [0.8241206030150755, 0.9245283018867924, 0.7536231884057971, 0.9668246445497629, 0.8416289592760181], "macro_f1": 0.8621451394266891, "micro_f1": 0.8628571428571429, "class_aucs": [0.9773696145124716, 0.9886394557823129, 0.957437641723356, 0.9987981859410431, 0.9796598639455782], "macro_auc": 0.9803809523809524, "micro_auc": 0.9832716553287982}, "dropout2_0-1 - 3": {"loss": 0.36026561758816356, "acc": 0.8514285716556368, "cm": [[84, 3, 12, 2, 4], [5, 97, 0, 1, 2], [8, 1, 77, 2, 17], [0, 0, 0, 103, 2], [0, 0, 17, 2, 86]], "pcr": [0.8, 0.9238095238095239, 0.7333333333333333, 0.9809523809523809, 0.819047619047619], "mpcr": 0.8514285714285714, "class_f1s": [0.8316831683168318, 0.941747572815534, 0.7298578199052131, 0.958139534883721, 0.7962962962962963], "macro_f1": 0.8515448784435193, "micro_f1": 0.8514285714285714, "class_aucs": [0.9844444444444445, 0.9896145124716554, 0.9566893424036281, 0.9989342403628119, 0.9709523809523809], "macro_auc": 0.9801269841269843, "micro_auc": 0.9837061224489796}, "dropout2_0-2 - 1": {"loss": 0.2748585692678933, "acc": 0.9104761905897232, "cm": [[92, 2, 8, 0, 3], [5, 97, 1, 1, 1], [2, 4, 92, 0, 7], [0, 0, 0, 105, 0], [0, 0, 13, 0, 92]], "pcr": [0.8761904761904762, 0.9238095238095239, 0.8761904761904762, 1.0, 0.8761904761904762], "mpcr": 0.9104761904761904, "class_f1s": [0.9019607843137255, 0.9326923076923078, 0.8401826484018265, 0.9952606635071091, 0.8846153846153847], "macro_f1": 0.9109423577060708, "micro_f1": 0.9104761904761904, "class_aucs": [0.9863038548752835, 0.9949886621315193, 0.9726530612244898, 0.9997278911564627, 0.9853968253968254], "macro_auc": 0.9878140589569162, "micro_auc": 0.9899365079365079}, "dropout2_0-2 - 2": {"loss": 0.35186688775878533, "acc": 0.874285714399247, "cm": [[87, 7, 8, 1, 2], [9, 95, 0, 1, 0], [6, 4, 81, 3, 11], [1, 0, 0, 103, 1], [1, 0, 10, 1, 93]], "pcr": [0.8285714285714286, 0.9047619047619048, 0.7714285714285715, 0.9809523809523809, 0.8857142857142857], "mpcr": 0.8742857142857143, "class_f1s": [0.8325358851674641, 0.9004739336492891, 0.7941176470588236, 0.9626168224299064, 0.8773584905660377], "macro_f1": 0.8734205557743042, "micro_f1": 0.8742857142857143, "class_aucs": [0.972607709750567, 0.9864625850340135, 0.960907029478458, 0.999501133786848, 0.9857369614512471], "macro_auc": 0.9810430839002267, "micro_auc": 0.9837850340136055}, "dropout2_0-2 - 3": {"loss": 0.2567630002811728, "acc": 0.9028571429706755, "cm": [[93, 3, 5, 1, 3], [4, 97, 2, 2, 0], [3, 2, 82, 0, 18], [0, 0, 0, 105, 0], [0, 0, 8, 0, 97]], "pcr": [0.8857142857142857, 0.9238095238095239, 0.780952380952381, 1.0, 0.9238095238095239], "mpcr": 0.9028571428571428, "class_f1s": [0.9073170731707316, 0.9371980676328502, 0.8118811881188118, 0.9859154929577464, 0.8699551569506727], "macro_f1": 0.9024533957661627, "micro_f1": 0.9028571428571428, "class_aucs": [0.9917006802721089, 0.9952607709750567, 0.9737414965986394, 0.999795918367347, 0.9874149659863946], "macro_auc": 0.9895827664399093, "micro_auc": 0.9912226757369614}, "dropout2_0-3 - 1": {"loss": 0.38064482592933235, "acc": 0.8533333335603986, "cm": [[88, 5, 8, 2, 2], [9, 91, 0, 4, 1], [3, 1, 77, 1, 23], [1, 0, 0, 103, 1], [0, 0, 15, 1, 89]], "pcr": [0.8380952380952381, 0.8666666666666667, 0.7333333333333333, 0.9809523809523809, 0.8476190476190476], "mpcr": 0.8533333333333333, "class_f1s": [0.854368932038835, 0.900990099009901, 0.7512195121951218, 0.9537037037037037, 0.8054298642533937], "macro_f1": 0.853142422240191, "micro_f1": 0.8533333333333335, "class_aucs": [0.9780045351473923, 0.9855555555555556, 0.9545124716553288, 0.9987981859410432, 0.9768934240362812], "macro_auc": 0.9787528344671201, "micro_auc": 0.9807147392290249}, "dropout2_0-3 - 2": {"loss": 0.335952513450722, "acc": 0.8590476191611517, "cm": [[86, 2, 10, 1, 6], [5, 98, 0, 1, 1], [4, 2, 70, 4, 25], [1, 0, 0, 103, 1], [0, 0, 11, 0, 94]], "pcr": [0.819047619047619, 0.9333333333333333, 0.6666666666666666, 0.9809523809523809, 0.8952380952380953], "mpcr": 0.8590476190476191, "class_f1s": [0.855721393034826, 0.9468599033816426, 0.7142857142857142, 0.9626168224299064, 0.810344827586207], "macro_f1": 0.8579657321436592, "micro_f1": 0.8590476190476191, "class_aucs": [0.9843083900226757, 0.9947165532879818, 0.9589115646258503, 0.9992063492063492, 0.9792063492063492], "macro_auc": 0.9832698412698413, "micro_auc": 0.9854965986394558}, "dropout2_0-3 - 3": {"loss": 0.3111038315369348, "acc": 0.8838095239230565, "cm": [[86, 5, 7, 3, 4], [4, 100, 0, 1, 0], [6, 1, 83, 2, 13], [0, 0, 1, 104, 0], [0, 0, 14, 0, 91]], "pcr": [0.819047619047619, 0.9523809523809523, 0.7904761904761904, 0.9904761904761905, 0.8666666666666667], "mpcr": 0.8838095238095238, "class_f1s": [0.855721393034826, 0.9478672985781991, 0.7904761904761904, 0.9674418604651163, 0.8544600938967136], "macro_f1": 0.883193367290209, "micro_f1": 0.8838095238095238, "class_aucs": [0.9850566893424035, 0.9960997732426303, 0.9644671201814059, 0.9993424036281179, 0.977437641723356],