{"Hybrid-Root": {"loss": 0.18509810486707526, "acc": 0.9343333333333333, "cm": [[905, 106, 72, 2, 28], [243, 19061, 226, 27, 69], [72, 125, 5860, 21, 595], [0, 2, 0, 146, 3], [6, 13, 346, 14, 2058]], "pcr": [0.8131176999101527, 0.9712116580046877, 0.8781657425445827, 0.9668874172185431, 0.8444809191629052], "mpcr": 0.8947726873681743, "class_f1s": [0.7738349722103463, 0.9791693422032722, 0.8894285497457691, 0.8088642659279778, 0.793063583815029], "macro_f1": 0.8488721427804788, "micro_f1": 0.9343333333333333, "class_aucs": [0.9864621357732772, 0.9965475708649372, 0.9869649586311788, 0.9995684681328693, 0.9835691371180533], "macro_auc": 0.9906224541040631, "micro_auc": 0.995169131388889}}