{"learning_rate_0-0005 - 1": {"loss": 12.894476340157649, "acc": 0.2, "cm": [[0, 105, 0, 0, 0], [0, 105, 0, 0, 0], [0, 105, 0, 0, 0], [0, 105, 0, 0, 0], [0, 105, 0, 0, 0]], "pcr": [0.0, 1.0, 0.0, 0.0, 0.0], "mpcr": 0.2, "class_f1s": [0.0, 0.33333333333333337, 0.0, 0.0, 0.0], "macro_f1": 0.06666666666666668, "micro_f1": 0.20000000000000004, "class_aucs": [0.5, 0.5, 0.5, 0.5, 0.5], "macro_auc": 0.5, "micro_auc": 0.5}, "learning_rate_0-0005 - 2": {"loss": 12.894476341292975, "acc": 0.2, "cm": [[0, 0, 0, 0, 105], [0, 0, 0, 0, 105], [0, 0, 0, 0, 105], [0, 0, 0, 0, 105], [0, 0, 0, 0, 105]], "pcr": [0.0, 0.0, 0.0, 0.0, 1.0], "mpcr": 0.2, "class_f1s": [0.0, 0.0, 0.0, 0.0, 0.33333333333333337], "macro_f1": 0.06666666666666668, "micro_f1": 0.20000000000000004, "class_aucs": [0.5, 0.5, 0.5, 0.5, 0.5], "macro_auc": 0.5, "micro_auc": 0.5}, "learning_rate_0-0005 - 3": {"loss": 12.894476341292975, "acc": 0.2, "cm": [[0, 0, 0, 0, 105], [0, 0, 0, 0, 105], [0, 0, 0, 0, 105], [0, 0, 0, 0, 105], [0, 0, 0, 0, 105]], "pcr": [0.0, 0.0, 0.0, 0.0, 1.0], "mpcr": 0.2, "class_f1s": [0.0, 0.0, 0.0, 0.0, 0.33333333333333337], "macro_f1": 0.06666666666666668, "micro_f1": 0.20000000000000004, "class_aucs": [0.5, 0.5, 0.5, 0.5, 0.5], "macro_auc": 0.5, "micro_auc": 0.5}, "learning_rate_0-0002 - 1": {"loss": 12.894476340157649, "acc": 0.2, "cm": [[0, 0, 105, 0, 0], [0, 0, 105, 0, 0], [0, 0, 105, 0, 0], [0, 0, 105, 0, 0], [0, 0, 105, 0, 0]], "pcr": [0.0, 0.0, 1.0, 0.0, 0.0], "mpcr": 0.2, "class_f1s": [0.0, 0.0, 0.33333333333333337, 0.0, 0.0], "macro_f1": 0.06666666666666668, "micro_f1": 0.20000000000000004, "class_aucs": [0.5, 0.5, 0.5, 0.5, 0.5], "macro_auc": 0.5, "micro_auc": 0.5}, "learning_rate_0-0002 - 2": {"loss": 0.369543445742678, "acc": 0.8628571429706755, "cm": [[83, 6, 10, 3, 3], [7, 96, 0, 2, 0], [4, 1, 76, 3, 21], [1, 0, 0, 102, 2], [1, 0, 8, 0, 96]], "pcr": [0.7904761904761904, 0.9142857142857143, 0.7238095238095238, 0.9714285714285714, 0.9142857142857143], "mpcr": 0.8628571428571428, "class_f1s": [0.8258706467661692, 0.9230769230769231, 0.7638190954773869, 0.9488372093023255, 0.8458149779735683], "macro_f1": 0.8614837705192746, "micro_f1": 0.8628571428571429, "class_aucs": [0.9760090702947846, 0.9882993197278911, 0.9620861678004535, 0.9989569160997732, 0.9853741496598639], "macro_auc": 0.9821451247165532, "micro_auc": 0.9828770975056689}, "learning_rate_0-0002 - 3": {"loss": 12.894476340157649, "acc": 0.2, "cm": [[0, 0, 105, 0, 0], [0, 0, 105, 0, 0], [0, 0, 105, 0, 0], [0, 0, 105, 0, 0], [0, 0, 105, 0, 0]], "pcr": [0.0, 0.0, 1.0, 0.0, 0.0], "mpcr": 0.2, "class_f1s": [0.0, 0.0, 0.33333333333333337, 0.0, 0.0], "macro_f1": 0.06666666666666668, "micro_f1": 0.20000000000000004, "class_aucs": [0.4988095238095238, 0.5, 0.5, 0.5, 0.5047619047619047], "macro_auc": 0.5007142857142857, "micro_auc": 0.5005709750566892}, "learning_rate_0-0001 - 1": {"loss": 0.33669723130750795, "acc": 0.8685714286849612, "cm": [[86, 5, 11, 1, 2], [5, 94, 3, 2, 1], [1, 1, 82, 2, 19], [1, 0, 0, 104, 0], [0, 0, 15, 0, 90]], "pcr": [0.819047619047619, 0.8952380952380953, 0.780952380952381, 0.9904761904761905, 0.8571428571428571], "mpcr": 0.8685714285714285, "class_f1s": [0.8686868686868686, 0.9170731707317075, 0.7592592592592593, 0.9719626168224299, 0.8294930875576038], "macro_f1": 0.8692950006115738, "micro_f1": 0.8685714285714285, "class_aucs": [0.9825850340136054, 0.9891383219954648, 0.9639229024943311, 0.9989569160997732, 0.9790249433106576], "macro_auc": 0.9827256235827664, "micro_auc": 0.9851945578231291}, "learning_rate_0-0001 - 2": {"loss": 0.3059207026174547, "acc": 0.8952380953516279, "cm": [[88, 3, 9, 2, 3], [4, 99, 1, 1, 0], [5, 1, 85, 2, 12], [2, 0, 1, 101, 1], [0, 0, 8, 0, 97]], "pcr": [0.8380952380952381, 0.9428571428571428, 0.8095238095238095, 0.9619047619047619, 0.9238095238095239], "mpcr": 0.8952380952380953, "class_f1s": [0.8627450980392156, 0.951923076923077, 0.8133971291866029, 0.957345971563981, 0.8899082568807339], "macro_f1": 0.8950639065187221, "micro_f1": 0.8952380952380953, "class_aucs": [0.9841950113378685, 0.9914965986394559, 0.9724943310657597, 0.9985034013605443, 0.9901133786848073], "macro_auc": 0.987360544217687, "micro_auc": 0.9878294784580499}, "learning_rate_0-0001 - 3": {"loss": 0.3462804040833864, "acc": 0.874285714399247, "cm": [[88, 5, 8, 0, 4], [4, 96, 1, 2, 2], [7, 1, 84, 1, 12], [1, 1, 1, 102, 0], [0, 0, 16, 0, 89]], "pcr": [0.8380952380952381, 0.9142857142857143, 0.8, 0.9714285714285714, 0.8476190476190476], "mpcr": 0.8742857142857142, "class_f1s": [0.8585365853658538, 0.9230769230769231, 0.7813953488372093, 0.9714285714285714, 0.839622641509434], "macro_f1": 0.8748120140435983, "micro_f1": 0.8742857142857143, "class_aucs": [0.9731065759637187, 0.9912698412698413, 0.9618140589569161, 0.9993197278911564, 0.9826984126984126], "macro_auc": 0.981641723356009, "micro_auc": 0.9845487528344672}, "learning_rate_5e-05 - 1": {"loss": 0.3574919372609639, "acc": 0.8685714287984939, "cm": [[94, 5, 4, 0, 2], [4, 96, 0, 1, 4], [4, 4, 77, 2, 18], [1, 0, 2, 100, 2], [1, 1, 14, 0, 89]], "pcr": [0.8952380952380953, 0.9142857142857143, 0.7333333333333333, 0.9523809523809523, 0.8476190476190476], "mpcr": 0.8685714285714285, "class_f1s": [0.8995215311004785, 0.909952606635071, 0.7623762376237624, 0.9615384615384616, 0.8090909090909091], "macro_f1": 0.8684959491977366, "micro_f1": 0.8685714285714285, "class_aucs": [0.9912244897959184, 0.9946258503401361, 0.9569614512471655, 0.9988662131519274, 0.9631972789115647], "macro_auc": 0.9809750566893424, "micro_auc": 0.9851074829931973}, "learning_rate_5e-05 - 2": {"loss": 0.31738856350299016, "acc": 0.8704761907032558, "cm": [[87, 6, 9, 1, 2], [6, 97, 1, 1, 0], [2, 2, 83, 2, 16], [0, 0, 2, 103, 0], [1, 2, 15, 0, 87]], "pcr": [0.8285714285714286, 0.9238095238095239, 0.7904761904761904, 0.9809523809523809, 0.8285714285714286], "mpcr": 0.8704761904761904, "class_f1s": [0.8656716417910447, 0.9150943396226416, 0.772093023255814, 0.9716981132075471, 0.8285714285714286], "macro_f1": 0.8706257092896952, "micro_f1": 0.8704761904761905, "class_aucs": [0.9878004535147392, 0.9933333333333334, 0.9610430839002267, 0.9994557823129252, 0.9752834467120182], "macro_auc": 0.9833832199546485, "micro_auc": 0.9871138321995465}, "learning_rate_5e-05 - 3": {"loss": 0.2993362637325412, "acc": 0.8876190477325803, "cm": [[94, 7, 3, 1, 0], [7, 95, 2, 1, 0], [2, 2, 76, 2, 23], [0, 0, 1, 104, 0], [1, 0, 7, 0, 97]], "pcr": [0.8952380952380953, 0.9047619047619048, 0.7238095238095238, 0.9904761904761905, 0.9238095238095239], "mpcr": 0.8876190476190476, "class_f1s": [0.8995215311004785, 0.9090909090909091, 0.7835051546391751, 0.9765258215962442, 0.8622222222222223], "macro_f1": 0.8861731277298057, "micro_f1": 0.8876190476190476, "class_aucs": [0.9895238095238096, 0.9925396825396825, 0.971360544217687, 0.9990702947845805, 0.9849659863945579], "macro_auc": 0.9874920634920634, "micro_auc": 0.9885723356009071}, "learning_rate_2e-05 - 1": {"loss": 0.6354248420291003, "acc": 0.815238095351628, "cm": [[90, 9, 2, 0, 4], [15, 81, 3, 2, 4], [2, 8, 76, 2, 17], [1, 1, 3, 97, 3], [0, 1, 19, 1, 84]], "pcr": [0.8571428571428571, 0.7714285714285715, 0.7238095238095238, 0.9238095238095239, 0.8], "mpcr": 0.8152380952380952, "class_f1s": [0.8450704225352113, 0.7902439024390244, 0.7307692307692307, 0.9371980676328502, 0.7741935483870969], "macro_f1": 0.8154950343526828, "micro_f1": 0.8152380952380953, "class_aucs": [0.9641043083900227, 0.9477097505668934, 0.9210884353741497, 0.9972335600907029, 0.9510204081632654], "macro_auc": 0.9562312925170067, "micro_auc": 0.9600471655328796}, "learning_rate_2e-05 - 2": {"loss": 0.5697143786790825, "acc": 0.8323809524944851, "cm": [[88, 9, 2, 1, 5], [10, 90, 4, 1, 0], [5, 4, 78, 2, 16], [0, 2, 1, 101, 1], [2, 3, 20, 0, 80]], "pcr": [0.8380952380952381, 0.8571428571428571, 0.7428571428571429, 0.9619047619047619, 0.7619047619047619], "mpcr": 0.8323809523809524,