{"width_400 - 1": {"loss": 0.33053292499677767, "acc": 0.8838095239230565, "cm": [[90, 4, 8, 1, 2], [6, 96, 2, 1, 0], [4, 1, 84, 3, 13], [1, 1, 2, 100, 1], [0, 0, 11, 0, 94]], "pcr": [0.8571428571428571, 0.9142857142857143, 0.8, 0.9523809523809523, 0.8952380952380953], "mpcr": 0.8838095238095238, "class_f1s": [0.8737864077669902, 0.9275362318840579, 0.7924528301886793, 0.9523809523809523, 0.8744186046511628], "macro_f1": 0.8841150053743686, "micro_f1": 0.8838095238095238, "class_aucs": [0.9822448979591837, 0.9924263038548753, 0.9626077097505669, 0.9976190476190476, 0.9871201814058956], "macro_auc": 0.9844036281179139, "micro_auc": 0.9856489795918367}, "width_400 - 2": {"loss": 0.4934483249325837, "acc": 0.8228571429139092, "cm": [[78, 6, 15, 2, 4], [7, 88, 5, 1, 4], [5, 2, 83, 2, 13], [0, 0, 0, 104, 1], [0, 0, 23, 3, 79]], "pcr": [0.7428571428571429, 0.8380952380952381, 0.7904761904761904, 0.9904761904761905, 0.7523809523809524], "mpcr": 0.8228571428571427, "class_f1s": [0.8, 0.8756218905472636, 0.7186147186147186, 0.9585253456221199, 0.7669902912621359], "macro_f1": 0.8239504492092475, "micro_f1": 0.8228571428571428, "class_aucs": [0.9556235827664399, 0.9775283446712018, 0.9423809523809524, 0.998639455782313, 0.9640589569160998], "macro_auc": 0.9676462585034014, "micro_auc": 0.9698077097505671}, "width_400 - 3": {"loss": 0.3852369034100342, "acc": 0.8628571429139091, "cm": [[84, 5, 8, 4, 4], [7, 89, 2, 4, 3], [6, 0, 87, 1, 11], [0, 0, 1, 104, 0], [0, 0, 16, 0, 89]], "pcr": [0.8, 0.8476190476190476, 0.8285714285714286, 0.9904761904761905, 0.8476190476190476], "mpcr": 0.8628571428571428, "class_f1s": [0.8316831683168318, 0.8944723618090452, 0.7945205479452055, 0.9541284403669724, 0.839622641509434], "macro_f1": 0.8628854319894979, "micro_f1": 0.8628571428571429, "class_aucs": [0.9768253968253968, 0.9841950113378685, 0.9615873015873017, 0.9985487528344672, 0.9801360544217688], "macro_auc": 0.9802585034013607, "micro_auc": 0.9814068027210884}, "width_600 - 1": {"loss": 0.327236019549531, "acc": 0.8819047620182946, "cm": [[85, 7, 7, 2, 4], [5, 96, 3, 1, 0], [5, 0, 87, 1, 12], [0, 0, 1, 101, 3], [0, 0, 11, 0, 94]], "pcr": [0.8095238095238095, 0.9142857142857143, 0.8285714285714286, 0.9619047619047619, 0.8952380952380953], "mpcr": 0.881904761904762, "class_f1s": [0.8500000000000001, 0.9230769230769231, 0.8130841121495327, 0.9619047619047619, 0.8623853211009175], "macro_f1": 0.8820902236464271, "micro_f1": 0.8819047619047619, "class_aucs": [0.9839455782312925, 0.9896825396825397, 0.9649886621315192, 0.9981632653061225, 0.9861224489795919], "macro_auc": 0.9845804988662132, "micro_auc": 0.9859927437641725}, "width_600 - 2": {"loss": 0.37681206596241934, "acc": 0.8571428573699225, "cm": [[86, 1, 12, 1, 5], [12, 88, 1, 1, 3], [6, 0, 79, 1, 19], [1, 0, 1, 101, 2], [0, 0, 9, 0, 96]], "pcr": [0.819047619047619, 0.8380952380952381, 0.7523809523809524, 0.9619047619047619, 0.9142857142857143], "mpcr": 0.8571428571428571, "class_f1s": [0.819047619047619, 0.9072164948453609, 0.7632850241545894, 0.9665071770334929, 0.8347826086956521], "macro_f1": 0.8581677847553427, "micro_f1": 0.8571428571428571, "class_aucs": [0.9733333333333334, 0.994671201814059, 0.9565532879818595, 0.9987981859410431, 0.9793650793650793], "macro_auc": 0.9805442176870749, "micro_auc": 0.9821378684807257}, "width_600 - 3": {"loss": 0.27816863767924677, "acc": 0.8952380954651605, "cm": [[89, 3, 8, 1, 4], [2, 102, 0, 1, 0], [5, 2, 86, 0, 12], [1, 0, 1, 103, 0], [0, 0, 15, 0, 90]], "pcr": [0.8476190476190476, 0.9714285714285714, 0.819047619047619, 0.9809523809523809, 0.8571428571428571], "mpcr": 0.8952380952380953, "class_f1s": [0.8811881188118811, 0.9622641509433962, 0.7999999999999999, 0.9809523809523809, 0.8530805687203792], "macro_f1": 0.8954970438856075, "micro_f1": 0.8952380952380953, "class_aucs": [0.9921315192743764, 0.9907256235827665, 0.9696145124716553, 0.9989115646258504, 0.981655328798186], "macro_auc": 0.986607709750567, "micro_auc": 0.9896489795918367}, "width_800 - 1": {"loss": 0.27114492673604956, "acc": 0.8971428572563898, "cm": [[90, 3, 9, 3, 0], [3, 99, 2, 1, 0], [5, 1, 84, 4, 11], [0, 0, 0, 105, 0], [0, 0, 12, 0, 93]], "pcr": [0.8571428571428571, 0.9428571428571428, 0.8, 1.0, 0.8857142857142857], "mpcr": 0.8971428571428571, "class_f1s": [0.8866995073891625, 0.951923076923077, 0.7924528301886793, 0.9633027522935781, 0.8899521531100478], "macro_f1": 0.8968660639809091, "micro_f1": 0.8971428571428571, "class_aucs": [0.9890929705215419, 0.9946485260770976, 0.971111111111111, 0.9999319727891156, 0.9887301587301587], "macro_auc": 0.988702947845805, "micro_auc": 0.9905723356009071}, "width_800 - 2": {"loss": 12.894476340157649, "acc": 0.2, "cm": [[0, 105, 0, 0, 0], [0, 105, 0, 0, 0], [0, 105, 0, 0, 0], [0, 105, 0, 0, 0], [0, 105, 0, 0, 0]], "pcr": [0.0, 1.0, 0.0, 0.0, 0.0], "mpcr": 0.2, "class_f1s": [0.0, 0.33333333333333337, 0.0, 0.0, 0.0], "macro_f1": 0.06666666666666668, "micro_f1": 0.20000000000000004, "class_aucs": [0.5036848072562359, 0.5, 0.4988095238095238, 0.5047619047619047, 0.49523809523809526], "macro_auc": 0.500498866213152, "micro_auc": 0.5003836734693878}, "width_800 - 3": {"loss": 0.3414810191449665, "acc": 0.8704761907032558, "cm": [[87, 4, 10, 1, 3], [10, 90, 3, 1, 1], [5, 0, 91, 1, 8], [0, 0, 0, 105, 0], [0, 1, 20, 0, 84]], "pcr": [0.8285714285714286, 0.8571428571428571, 0.8666666666666667, 1.0, 0.8], "mpcr": 0.8704761904761904, "class_f1s": [0.8405797101449276, 0.9, 0.794759825327511, 0.9859154929577464, 0.8358208955223881], "macro_f1": 0.8714151847905146, "micro_f1": 0.8704761904761905, "class_aucs": [0.9785487528344672, 0.9900907029478458, 0.9669614512471656, 0.9994331065759637, 0.9757369614512471], "macro_auc": 0.9821541950113379, "micro_auc": 0.984907029478458}, "width_1000 - 1": {"loss": 0.3108607057555041, "acc": 0.8704761904761905, "cm": [[83, 5, 9, 2, 6], [4, 98, 1, 1, 1], [7, 2, 81, 1, 14], [0, 0, 1, 104, 0], [0, 0, 14, 0, 91]], "pcr": [0.7904761904761904, 0.9333333333333333, 0.7714285714285715, 0.9904761904761905, 0.8666666666666667], "mpcr": 0.8704761904761906, "class_f1s": [0.8341708542713567, 0.9333333333333333, 0.7677725118483413, 0.9765258215962442, 0.8387096774193549], "macro_f1": 0.8701024396937262, "micro_f1": 0.8704761904761905, "class_aucs": [0.982312925170068, 0.9946031746031745, 0.9651247165532879, 0.9997505668934241, 0.9851700680272109], "macro_auc": 0.9853922902494331, "micro_auc": 0.9877687074829933}, "width_1000 - 2": {"loss": 0.3241372978705026, "acc": 0.8819047620182946, "cm": [[88, 6, 7, 1, 3], [1, 102, 0, 1, 1], [7, 4, 80, 2, 12], [0, 0, 0, 104, 1], [0, 0, 16, 0, 89]], "pcr": [0.8380952380952381, 0.9714285714285714, 0.7619047619047619, 0.9904761904761905, 0.8476190476190476], "mpcr": 0.8819047619047617, "class_f1s": [0.8756218905472636, 0.9400921658986174, 0.7692307692307692, 0.9765258215962442, 0.8436018957345972], "macro_f1": 0.8810145086014984, "micro_f1": 0.8819047619047619, "class_aucs": [0.9879591836734695, 0.9921995464852609, 0.9575510204081632, 0.9994784580498867, 0.9767573696145124], "macro_auc": 0.9827891156462585, "micro_auc": 0.9862122448979592}, "width_1000 - 3": {"loss": 0.2790251156094088, "acc": 0.9047619048754374, "cm": [[97, 1, 4, 1, 2], [5, 97, 0, 3, 0], [3, 2, 82, 0, 18], [1, 0, 0, 104, 0], [0, 0, 10, 0, 95]], "pcr": [0.9238095238095239, 0.9238095238095239, 0.780952380952381, 0.9904761904761905, 0.9047619047619048], "mpcr": 0.9047619047619048, "class_f1s": [0.9194312796208531, 0.9463414634146342, 0.8159203980099502, 0.9765258215962442, 0.8636363636363636], "macro_f1": 0.904371065255609, "micro_f1": 0.9047619047619048, "class_aucs": [0.9921768707482992, 0.9968027210884355, 0.9679591836734694, 0.9997278911564625, 0.9823356009070294], "macro_auc": 0.9878004535147392, "micro_auc": 0.9898430839002269}, "width_1200 - 1": {"loss": 0.3097801007002237, "acc": 0.900952380952381, "cm": [[95, 3, 5, 0, 2], [4, 99, 1, 1, 0], [8, 1, 80, 4, 12], [0, 0, 1, 103, 1], [0, 0, 9, 0, 96]],